first_name,last_name,email,phone
John,Doe,john0@example.com,555-0
John,Doe,john1@example.com,555-1
John,Doe,john2@example.com,555-2
John,Doe,john3@example.com,555-3
John,Doe,john4@example.com,555-4
John,Doe,john5@example.com,555-5
John,Doe,john6@example.com,555-6
John,Doe,john7@example.com,555-7
John,Doe,john8@example.com,555-8
John,Doe,john9@example.com,555-9
John,Doe,john10@example.com,555-10
John,Doe,john11@example.com,555-11
John,Doe,john12@example.com,555-12
John,Doe,john13@example.com,555-13
John,Doe,john14@example.com,555-14
John,Doe,john15@example.com,555-15
John,Doe,john16@example.com,555-16
John,Doe,john17@example.com,555-17
John,Doe,john18@example.com,555-18
John,Doe,john19@example.com,555-19
John,Doe,john20@example.com,555-20
John,Doe,john21@example.com,555-21
John,Doe,john22@example.com,555-22
John,Doe,john23@example.com,555-23
John,Doe,john24@example.com,555-24
John,Doe,john25@example.com,555-25
John,Doe,john26@example.com,555-26
John,Doe,john27@example.com,555-27
John,Doe,john28@example.com,555-28
John,Doe,john29@example.com,555-29
John,Doe,john30@example.com,555-30
John,Doe,john31@example.com,555-31
John,Doe,john32@example.com,555-32
John,Doe,john33@example.com,555-33
John,Doe,john34@example.com,555-34
John,Doe,john35@example.com,555-35
John,Doe,john36@example.com,555-36
John,Doe,john37@example.com,555-37
John,Doe,john38@example.com,555-38
John,Doe,john39@example.com,555-39
John,Doe,john40@example.com,555-40
John,Doe,john41@example.com,555-41
John,Doe,john42@example.com,555-42
John,Doe,john43@example.com,555-43
John,Doe,john44@example.com,555-44
John,Doe,john45@example.com,555-45
John,Doe,john46@example.com,555-46
John,Doe,john47@example.com,555-47
John,Doe,john48@example.com,555-48
John,Doe,john49@example.com,555-49
John,Doe,john50@example.com,555-50
John,Doe,john51@example.com,555-51
John,Doe,john52@example.com,555-52
John,Doe,john53@example.com,555-53
John,Doe,john54@example.com,555-54
John,Doe,john55@example.com,555-55
John,Doe,john56@example.com,555-56
John,Doe,john57@example.com,555-57
John,Doe,john58@example.com,555-58
John,Doe,john59@example.com,555-59
John,Doe,john60@example.com,555-60
John,Doe,john61@example.com,555-61
John,Doe,john62@example.com,555-62
John,Doe,john63@example.com,555-63
John,Doe,john64@example.com,555-64
John,Doe,john65@example.com,555-65
John,Doe,john66@example.com,555-66
John,Doe,john67@example.com,555-67
John,Doe,john68@example.com,555-68
John,Doe,john69@example.com,555-69
John,Doe,john70@example.com,555-70
John,Doe,john71@example.com,555-71
John,Doe,john72@example.com,555-72
John,Doe,john73@example.com,555-73
John,Doe,john74@example.com,555-74
John,Doe,john75@example.com,555-75
John,Doe,john76@example.com,555-76
John,Doe,john77@example.com,555-77
John,Doe,john78@example.com,555-78
John,Doe,john79@example.com,555-79
John,Doe,john80@example.com,555-80
John,Doe,john81@example.com,555-81
John,Doe,john82@example.com,555-82
John,Doe,john83@example.com,555-83
John,Doe,john84@example.com,555-84
John,Doe,john85@example.com,555-85
John,Doe,john86@example.com,555-86
John,Doe,john87@example.com,555-87
John,Doe,john88@example.com,555-88
John,Doe,john89@example.com,555-89
John,Doe,john90@example.com,555-90
John,Doe,john91@example.com,555-91
John,Doe,john92@example.com,555-92
John,Doe,john93@example.com,555-93
John,Doe,john94@example.com,555-94
John,Doe,john95@example.com,555-95
John,Doe,john96@example.com,555-96
John,Doe,john97@example.com,555-97
John,Doe,john98@example.com,555-98
John,Doe,john99@example.com,555-99
John,Doe,john100@example.com,555-100
John,Doe,john101@example.com,555-101
John,Doe,john102@example.com,555-102
John,Doe,john103@example.com,555-103
John,Doe,john104@example.com,555-104
John,Doe,john105@example.com,555-105
John,Doe,john106@example.com,555-106
John,Doe,john107@example.com,555-107
John,Doe,john108@example.com,555-108
John,Doe,john109@example.com,555-109
John,Doe,john110@example.com,555-110
John,Doe,john111@example.com,555-111
John,Doe,john112@example.com,555-112
John,Doe,john113@example.com,555-113
John,Doe,john114@example.com,555-114
John,Doe,john115@example.com,555-115
John,Doe,john116@example.com,555-116
John,Doe,john117@example.com,555-117
John,Doe,john118@example.com,555-118
John,Doe,john119@example.com,555-119
John,Doe,john120@example.com,555-120
John,Doe,john121@example.com,555-121
John,Doe,john122@example.com,555-122
John,Doe,john123@example.com,555-123
John,Doe,john124@example.com,555-124
John,Doe,john125@example.com,555-125
John,Doe,john126@example.com,555-126
John,Doe,john127@example.com,555-127
John,Doe,john128@example.com,555-128
John,Doe,john129@example.com,555-129
John,Doe,john130@example.com,555-130
John,Doe,john131@example.com,555-131
John,Doe,john132@example.com,555-132
John,Doe,john133@example.com,555-133
John,Doe,john134@example.com,555-134
John,Doe,john135@example.com,555-135
John,Doe,john136@example.com,555-136
John,Doe,john137@example.com,555-137
John,Doe,john138@example.com,555-138
John,Doe,john139@example.com,555-139
John,Doe,john140@example.com,555-140
John,Doe,john141@example.com,555-141
John,Doe,john142@example.com,555-142
John,Doe,john143@example.com,555-143
John,Doe,john144@example.com,555-144
John,Doe,john145@example.com,555-145
John,Doe,john146@example.com,555-146
John,Doe,john147@example.com,555-147
John,Doe,john148@example.com,555-148
John,Doe,john149@example.com,555-149
John,Doe,john150@example.com,555-150
John,Doe,john151@example.com,555-151
John,Doe,john152@example.com,555-152
John,Doe,john153@example.com,555-153
John,Doe,john154@example.com,555-154
John,Doe,john155@example.com,555-155
John,Doe,john156@example.com,555-156
John,Doe,john157@example.com,555-157
John,Doe,john158@example.com,555-158
John,Doe,john159@example.com,555-159
John,Doe,john160@example.com,555-160
John,Doe,john161@example.com,555-161
John,Doe,john162@example.com,555-162
John,Doe,john163@example.com,555-163
John,Doe,john164@example.com,555-164
John,Doe,john165@example.com,555-165
John,Doe,john166@example.com,555-166
John,Doe,john167@example.com,555-167
John,Doe,john168@example.com,555-168
John,Doe,john169@example.com,555-169
John,Doe,john170@example.com,555-170
John,Doe,john171@example.com,555-171
John,Doe,john172@example.com,555-172
John,Doe,john173@example.com,555-173
John,Doe,john174@example.com,555-174
John,Doe,john175@example.com,555-175
John,Doe,john176@example.com,555-176
John,Doe,john177@example.com,555-177
John,Doe,john178@example.com,555-178
John,Doe,john179@example.com,555-179
John,Doe,john180@example.com,555-180
John,Doe,john181@example.com,555-181
John,Doe,john182@example.com,555-182
John,Doe,john183@example.com,555-183
John,Doe,john184@example.com,555-184
John,Doe,john185@example.com,555-185
John,Doe,john186@example.com,555-186
John,Doe,john187@example.com,555-187
John,Doe,john188@example.com,555-188
John,Doe,john189@example.com,555-189
John,Doe,john190@example.com,555-190
John,Doe,john191@example.com,555-191
John,Doe,john192@example.com,555-192
John,Doe,john193@example.com,555-193
John,Doe,john194@example.com,555-194
John,Doe,john195@example.com,555-195
John,Doe,john196@example.com,555-196
John,Doe,john197@example.com,555-197
John,Doe,john198@example.com,555-198
John,Doe,john199@example.com,555-199
John,Doe,john200@example.com,555-200
John,Doe,john201@example.com,555-201
John,Doe,john202@example.com,555-202
John,Doe,john203@example.com,555-203
John,Doe,john204@example.com,555-204
John,Doe,john205@example.com,555-205
John,Doe,john206@example.com,555-206
John,Doe,john207@example.com,555-207
John,Doe,john208@example.com,555-208
John,Doe,john209@example.com,555-209
John,Doe,john210@example.com,555-210
John,Doe,john211@example.com,555-211
John,Doe,john212@example.com,555-212
John,Doe,john213@example.com,555-213
John,Doe,john214@example.com,555-214
John,Doe,john215@example.com,555-215
John,Doe,john216@example.com,555-216
John,Doe,john217@example.com,555-217
John,Doe,john218@example.com,555-218
John,Doe,john219@example.com,555-219
John,Doe,john220@example.com,555-220
John,Doe,john221@example.com,555-221
John,Doe,john222@example.com,555-222
John,Doe,john223@example.com,555-223
John,Doe,john224@example.com,555-224
John,Doe,john225@example.com,555-225
John,Doe,john226@example.com,555-226
John,Doe,john227@example.com,555-227
John,Doe,john228@example.com,555-228
John,Doe,john229@example.com,555-229
John,Doe,john230@example.com,555-230
John,Doe,john231@example.com,555-231
John,Doe,john232@example.com,555-232
John,Doe,john233@example.com,555-233
John,Doe,john234@example.com,555-234
John,Doe,john235@example.com,555-235
John,Doe,john236@example.com,555-236
John,Doe,john237@example.com,555-237
John,Doe,john238@example.com,555-238
John,Doe,john239@example.com,555-239
John,Doe,john240@example.com,555-240
John,Doe,john241@example.com,555-241
John,Doe,john242@example.com,555-242
John,Doe,john243@example.com,555-243
John,Doe,john244@example.com,555-244
John,Doe,john245@example.com,555-245
John,Doe,john246@example.com,555-246
John,Doe,john247@example.com,555-247
John,Doe,john248@example.com,555-248
John,Doe,john249@example.com,555-249
John,Doe,john250@example.com,555-250
John,Doe,john251@example.com,555-251
John,Doe,john252@example.com,555-252
John,Doe,john253@example.com,555-253
John,Doe,john254@example.com,555-254
John,Doe,john255@example.com,555-255
John,Doe,john256@example.com,555-256
John,Doe,john257@example.com,555-257
John,Doe,john258@example.com,555-258
John,Doe,john259@example.com,555-259
John,Doe,john260@example.com,555-260
John,Doe,john261@example.com,555-261
John,Doe,john262@example.com,555-262
John,Doe,john263@example.com,555-263
John,Doe,john264@example.com,555-264
John,Doe,john265@example.com,555-265
John,Doe,john266@example.com,555-266
John,Doe,john267@example.com,555-267
John,Doe,john268@example.com,555-268
John,Doe,john269@example.com,555-269
John,Doe,john270@example.com,555-270
John,Doe,john271@example.com,555-271
John,Doe,john272@example.com,555-272
John,Doe,john273@example.com,555-273
John,Doe,john274@example.com,555-274
John,Doe,john275@example.com,555-275
John,Doe,john276@example.com,555-276
John,Doe,john277@example.com,555-277
John,Doe,john278@example.com,555-278
John,Doe,john279@example.com,555-279
John,Doe,john280@example.com,555-280
John,Doe,john281@example.com,555-281
John,Doe,john282@example.com,555-282
John,Doe,john283@example.com,555-283
John,Doe,john284@example.com,555-284
John,Doe,john285@example.com,555-285
John,Doe,john286@example.com,555-286
John,Doe,john287@example.com,555-287
John,Doe,john288@example.com,555-288
John,Doe,john289@example.com,555-289
John,Doe,john290@example.com,555-290
John,Doe,john291@example.com,555-291
John,Doe,john292@example.com,555-292
John,Doe,john293@example.com,555-293
John,Doe,john294@example.com,555-294
John,Doe,john295@example.com,555-295
John,Doe,john296@example.com,555-296
John,Doe,john297@example.com,555-297
John,Doe,john298@example.com,555-298
John,Doe,john299@example.com,555-299
John,Doe,john300@example.com,555-300
John,Doe,john301@example.com,555-301
John,Doe,john302@example.com,555-302
John,Doe,john303@example.com,555-303
John,Doe,john304@example.com,555-304
John,Doe,john305@example.com,555-305
John,Doe,john306@example.com,555-306
John,Doe,john307@example.com,555-307
John,Doe,john308@example.com,555-308
John,Doe,john309@example.com,555-309
John,Doe,john310@example.com,555-310
John,Doe,john311@example.com,555-311
John,Doe,john312@example.com,555-312
John,Doe,john313@example.com,555-313
John,Doe,john314@example.com,555-314
John,Doe,john315@example.com,555-315
John,Doe,john316@example.com,555-316
John,Doe,john317@example.com,555-317
John,Doe,john318@example.com,555-318
John,Doe,john319@example.com,555-319
John,Doe,john320@example.com,555-320
John,Doe,john321@example.com,555-321
John,Doe,john322@example.com,555-322
John,Doe,john323@example.com,555-323
John,Doe,john324@example.com,555-324
John,Doe,john325@example.com,555-325
John,Doe,john326@example.com,555-326
John,Doe,john327@example.com,555-327
John,Doe,john328@example.com,555-328
John,Doe,john329@example.com,555-329
John,Doe,john330@example.com,555-330
John,Doe,john331@example.com,555-331
John,Doe,john332@example.com,555-332
John,Doe,john333@example.com,555-333
John,Doe,john334@example.com,555-334
John,Doe,john335@example.com,555-335
John,Doe,john336@example.com,555-336
John,Doe,john337@example.com,555-337
John,Doe,john338@example.com,555-338
John,Doe,john339@example.com,555-339
John,Doe,john340@example.com,555-340
John,Doe,john341@example.com,555-341
John,Doe,john342@example.com,555-342
John,Doe,john343@example.com,555-343
John,Doe,john344@example.com,555-344
John,Doe,john345@example.com,555-345
John,Doe,john346@example.com,555-346
John,Doe,john347@example.com,555-347
John,Doe,john348@example.com,555-348
John,Doe,john349@example.com,555-349
John,Doe,john350@example.com,555-350
John,Doe,john351@example.com,555-351
John,Doe,john352@example.com,555-352
John,Doe,john353@example.com,555-353
John,Doe,john354@example.com,555-354
John,Doe,john355@example.com,555-355
John,Doe,john356@example.com,555-356
John,Doe,john357@example.com,555-357
John,Doe,john358@example.com,555-358
John,Doe,john359@example.com,555-359
John,Doe,john360@example.com,555-360
John,Doe,john361@example.com,555-361
John,Doe,john362@example.com,555-362
John,Doe,john363@example.com,555-363
John,Doe,john364@example.com,555-364
John,Doe,john365@example.com,555-365
John,Doe,john366@example.com,555-366
John,Doe,john367@example.com,555-367
John,Doe,john368@example.com,555-368
John,Doe,john369@example.com,555-369
John,Doe,john370@example.com,555-370
John,Doe,john371@example.com,555-371
John,Doe,john372@example.com,555-372
John,Doe,john373@example.com,555-373
John,Doe,john374@example.com,555-374
John,Doe,john375@example.com,555-375
John,Doe,john376@example.com,555-376
John,Doe,john377@example.com,555-377
John,Doe,john378@example.com,555-378
John,Doe,john379@example.com,555-379
John,Doe,john380@example.com,555-380
John,Doe,john381@example.com,555-381
John,Doe,john382@example.com,555-382
John,Doe,john383@example.com,555-383
John,Doe,john384@example.com,555-384
John,Doe,john385@example.com,555-385
John,Doe,john386@example.com,555-386
John,Doe,john387@example.com,555-387
John,Doe,john388@example.com,555-388
John,Doe,john389@example.com,555-389
John,Doe,john390@example.com,555-390
John,Doe,john391@example.com,555-391
John,Doe,john392@example.com,555-392
John,Doe,john393@example.com,555-393
John,Doe,john394@example.com,555-394
John,Doe,john395@example.com,555-395
John,Doe,john396@example.com,555-396
John,Doe,john397@example.com,555-397
John,Doe,john398@example.com,555-398
John,Doe,john399@example.com,555-399
John,Doe,john400@example.com,555-400
John,Doe,john401@example.com,555-401
John,Doe,john402@example.com,555-402
John,Doe,john403@example.com,555-403
John,Doe,john404@example.com,555-404
John,Doe,john405@example.com,555-405
John,Doe,john406@example.com,555-406
John,Doe,john407@example.com,555-407
John,Doe,john408@example.com,555-408
John,Doe,john409@example.com,555-409
John,Doe,john410@example.com,555-410
John,Doe,john411@example.com,555-411
John,Doe,john412@example.com,555-412
John,Doe,john413@example.com,555-413
John,Doe,john414@example.com,555-414
John,Doe,john415@example.com,555-415
John,Doe,john416@example.com,555-416
John,Doe,john417@example.com,555-417
John,Doe,john418@example.com,555-418
John,Doe,john419@example.com,555-419
John,Doe,john420@example.com,555-420
John,Doe,john421@example.com,555-421
John,Doe,john422@example.com,555-422
John,Doe,john423@example.com,555-423
John,Doe,john424@example.com,555-424
John,Doe,john425@example.com,555-425
John,Doe,john426@example.com,555-426
John,Doe,john427@example.com,555-427
John,Doe,john428@example.com,555-428
John,Doe,john429@example.com,555-429
John,Doe,john430@example.com,555-430
John,Doe,john431@example.com,555-431
John,Doe,john432@example.com,555-432
John,Doe,john433@example.com,555-433
John,Doe,john434@example.com,555-434
John,Doe,john435@example.com,555-435
John,Doe,john436@example.com,555-436
John,Doe,john437@example.com,555-437
John,Doe,john438@example.com,555-438
John,Doe,john439@example.com,555-439
John,Doe,john440@example.com,555-440
John,Doe,john441@example.com,555-441
John,Doe,john442@example.com,555-442
John,Doe,john443@example.com,555-443
John,Doe,john444@example.com,555-444
John,Doe,john445@example.com,555-445
John,Doe,john446@example.com,555-446
John,Doe,john447@example.com,555-447
John,Doe,john448@example.com,555-448
John,Doe,john449@example.com,555-449
John,Doe,john450@example.com,555-450
John,Doe,john451@example.com,555-451
John,Doe,john452@example.com,555-452
John,Doe,john453@example.com,555-453
John,Doe,john454@example.com,555-454
John,Doe,john455@example.com,555-455
John,Doe,john456@example.com,555-456
John,Doe,john457@example.com,555-457
John,Doe,john458@example.com,555-458
John,Doe,john459@example.com,555-459
John,Doe,john460@example.com,555-460
John,Doe,john461@example.com,555-461
John,Doe,john462@example.com,555-462
John,Doe,john463@example.com,555-463
John,Doe,john464@example.com,555-464
John,Doe,john465@example.com,555-465
John,Doe,john466@example.com,555-466
John,Doe,john467@example.com,555-467
John,Doe,john468@example.com,555-468
John,Doe,john469@example.com,555-469
John,Doe,john470@example.com,555-470
John,Doe,john471@example.com,555-471
John,Doe,john472@example.com,555-472
John,Doe,john473@example.com,555-473
John,Doe,john474@example.com,555-474
John,Doe,john475@example.com,555-475
John,Doe,john476@example.com,555-476
John,Doe,john477@example.com,555-477
John,Doe,john478@example.com,555-478
John,Doe,john479@example.com,555-479
John,Doe,john480@example.com,555-480
John,Doe,john481@example.com,555-481
John,Doe,john482@example.com,555-482
John,Doe,john483@example.com,555-483
John,Doe,john484@example.com,555-484
John,Doe,john485@example.com,555-485
John,Doe,john486@example.com,555-486
John,Doe,john487@example.com,555-487
John,Doe,john488@example.com,555-488
John,Doe,john489@example.com,555-489
John,Doe,john490@example.com,555-490
John,Doe,john491@example.com,555-491
John,Doe,john492@example.com,555-492
John,Doe,john493@example.com,555-493
John,Doe,john494@example.com,555-494
John,Doe,john495@example.com,555-495
John,Doe,john496@example.com,555-496
John,Doe,john497@example.com,555-497
John,Doe,john498@example.com,555-498
John,Doe,john499@example.com,555-499
John,Doe,john500@example.com,555-500
John,Doe,john501@example.com,555-501
John,Doe,john502@example.com,555-502
John,Doe,john503@example.com,555-503
John,Doe,john504@example.com,555-504
John,Doe,john505@example.com,555-505
John,Doe,john506@example.com,555-506
John,Doe,john507@example.com,555-507
John,Doe,john508@example.com,555-508
John,Doe,john509@example.com,555-509
John,Doe,john510@example.com,555-510
John,Doe,john511@example.com,555-511
John,Doe,john512@example.com,555-512
John,Doe,john513@example.com,555-513
John,Doe,john514@example.com,555-514
John,Doe,john515@example.com,555-515
John,Doe,john516@example.com,555-516
John,Doe,john517@example.com,555-517
John,Doe,john518@example.com,555-518
John,Doe,john519@example.com,555-519
John,Doe,john520@example.com,555-520
John,Doe,john521@example.com,555-521
John,Doe,john522@example.com,555-522
John,Doe,john523@example.com,555-523
John,Doe,john524@example.com,555-524
John,Doe,john525@example.com,555-525
John,Doe,john526@example.com,555-526
John,Doe,john527@example.com,555-527
John,Doe,john528@example.com,555-528
John,Doe,john529@example.com,555-529
John,Doe,john530@example.com,555-530
John,Doe,john531@example.com,555-531
John,Doe,john532@example.com,555-532
John,Doe,john533@example.com,555-533
John,Doe,john534@example.com,555-534
John,Doe,john535@example.com,555-535
John,Doe,john536@example.com,555-536
John,Doe,john537@example.com,555-537
John,Doe,john538@example.com,555-538
John,Doe,john539@example.com,555-539
John,Doe,john540@example.com,555-540
John,Doe,john541@example.com,555-541
John,Doe,john542@example.com,555-542
John,Doe,john543@example.com,555-543
John,Doe,john544@example.com,555-544
John,Doe,john545@example.com,555-545
John,Doe,john546@example.com,555-546
John,Doe,john547@example.com,555-547
John,Doe,john548@example.com,555-548
John,Doe,john549@example.com,555-549
John,Doe,john550@example.com,555-550
John,Doe,john551@example.com,555-551
John,Doe,john552@example.com,555-552
John,Doe,john553@example.com,555-553
John,Doe,john554@example.com,555-554
John,Doe,john555@example.com,555-555
John,Doe,john556@example.com,555-556
John,Doe,john557@example.com,555-557
John,Doe,john558@example.com,555-558
John,Doe,john559@example.com,555-559
John,Doe,john560@example.com,555-560
John,Doe,john561@example.com,555-561
John,Doe,john562@example.com,555-562
John,Doe,john563@example.com,555-563
John,Doe,john564@example.com,555-564
John,Doe,john565@example.com,555-565
John,Doe,john566@example.com,555-566
John,Doe,john567@example.com,555-567
John,Doe,john568@example.com,555-568
John,Doe,john569@example.com,555-569
John,Doe,john570@example.com,555-570
John,Doe,john571@example.com,555-571
John,Doe,john572@example.com,555-572
John,Doe,john573@example.com,555-573
John,Doe,john574@example.com,555-574
John,Doe,john575@example.com,555-575
John,Doe,john576@example.com,555-576
John,Doe,john577@example.com,555-577
John,Doe,john578@example.com,555-578
John,Doe,john579@example.com,555-579
John,Doe,john580@example.com,555-580
John,Doe,john581@example.com,555-581
John,Doe,john582@example.com,555-582
John,Doe,john583@example.com,555-583
John,Doe,john584@example.com,555-584
John,Doe,john585@example.com,555-585
John,Doe,john586@example.com,555-586
John,Doe,john587@example.com,555-587
John,Doe,john588@example.com,555-588
John,Doe,john589@example.com,555-589
John,Doe,john590@example.com,555-590
John,Doe,john591@example.com,555-591
John,Doe,john592@example.com,555-592
John,Doe,john593@example.com,555-593
John,Doe,john594@example.com,555-594
John,Doe,john595@example.com,555-595
John,Doe,john596@example.com,555-596
John,Doe,john597@example.com,555-597
John,Doe,john598@example.com,555-598
John,Doe,john599@example.com,555-599
John,Doe,john600@example.com,555-600
John,Doe,john601@example.com,555-601
John,Doe,john602@example.com,555-602
John,Doe,john603@example.com,555-603
John,Doe,john604@example.com,555-604
John,Doe,john605@example.com,555-605
John,Doe,john606@example.com,555-606
John,Doe,john607@example.com,555-607
John,Doe,john608@example.com,555-608
John,Doe,john609@example.com,555-609
John,Doe,john610@example.com,555-610
John,Doe,john611@example.com,555-611
John,Doe,john612@example.com,555-612
John,Doe,john613@example.com,555-613
John,Doe,john614@example.com,555-614
John,Doe,john615@example.com,555-615
John,Doe,john616@example.com,555-616
John,Doe,john617@example.com,555-617
John,Doe,john618@example.com,555-618
John,Doe,john619@example.com,555-619
John,Doe,john620@example.com,555-620
John,Doe,john621@example.com,555-621
John,Doe,john622@example.com,555-622
John,Doe,john623@example.com,555-623
John,Doe,john624@example.com,555-624
John,Doe,john625@example.com,555-625
John,Doe,john626@example.com,555-626
John,Doe,john627@example.com,555-627
John,Doe,john628@example.com,555-628
John,Doe,john629@example.com,555-629
John,Doe,john630@example.com,555-630
John,Doe,john631@example.com,555-631
John,Doe,john632@example.com,555-632
John,Doe,john633@example.com,555-633
John,Doe,john634@example.com,555-634
John,Doe,john635@example.com,555-635
John,Doe,john636@example.com,555-636
John,Doe,john637@example.com,555-637
John,Doe,john638@example.com,555-638
John,Doe,john639@example.com,555-639
John,Doe,john640@example.com,555-640
John,Doe,john641@example.com,555-641
John,Doe,john642@example.com,555-642
John,Doe,john643@example.com,555-643
John,Doe,john644@example.com,555-644
John,Doe,john645@example.com,555-645
John,Doe,john646@example.com,555-646
John,Doe,john647@example.com,555-647
John,Doe,john648@example.com,555-648
John,Doe,john649@example.com,555-649
John,Doe,john650@example.com,555-650
John,Doe,john651@example.com,555-651
John,Doe,john652@example.com,555-652
John,Doe,john653@example.com,555-653
John,Doe,john654@example.com,555-654
John,Doe,john655@example.com,555-655
John,Doe,john656@example.com,555-656
John,Doe,john657@example.com,555-657
John,Doe,john658@example.com,555-658
John,Doe,john659@example.com,555-659
John,Doe,john660@example.com,555-660
John,Doe,john661@example.com,555-661
John,Doe,john662@example.com,555-662
John,Doe,john663@example.com,555-663
John,Doe,john664@example.com,555-664
John,Doe,john665@example.com,555-665
John,Doe,john666@example.com,555-666
John,Doe,john667@example.com,555-667
John,Doe,john668@example.com,555-668
John,Doe,john669@example.com,555-669
John,Doe,john670@example.com,555-670
John,Doe,john671@example.com,555-671
John,Doe,john672@example.com,555-672
John,Doe,john673@example.com,555-673
John,Doe,john674@example.com,555-674
John,Doe,john675@example.com,555-675
John,Doe,john676@example.com,555-676
John,Doe,john677@example.com,555-677
John,Doe,john678@example.com,555-678
John,Doe,john679@example.com,555-679
John,Doe,john680@example.com,555-680
John,Doe,john681@example.com,555-681
John,Doe,john682@example.com,555-682
John,Doe,john683@example.com,555-683
John,Doe,john684@example.com,555-684
John,Doe,john685@example.com,555-685
John,Doe,john686@example.com,555-686
John,Doe,john687@example.com,555-687
John,Doe,john688@example.com,555-688
John,Doe,john689@example.com,555-689
John,Doe,john690@example.com,555-690
John,Doe,john691@example.com,555-691
John,Doe,john692@example.com,555-692
John,Doe,john693@example.com,555-693
John,Doe,john694@example.com,555-694
John,Doe,john695@example.com,555-695
John,Doe,john696@example.com,555-696
John,Doe,john697@example.com,555-697
John,Doe,john698@example.com,555-698
John,Doe,john699@example.com,555-699
John,Doe,john700@example.com,555-700
John,Doe,john701@example.com,555-701
John,Doe,john702@example.com,555-702
John,Doe,john703@example.com,555-703
John,Doe,john704@example.com,555-704
John,Doe,john705@example.com,555-705
John,Doe,john706@example.com,555-706
John,Doe,john707@example.com,555-707
John,Doe,john708@example.com,555-708
John,Doe,john709@example.com,555-709
John,Doe,john710@example.com,555-710
John,Doe,john711@example.com,555-711
John,Doe,john712@example.com,555-712
John,Doe,john713@example.com,555-713
John,Doe,john714@example.com,555-714
John,Doe,john715@example.com,555-715
John,Doe,john716@example.com,555-716
John,Doe,john717@example.com,555-717
John,Doe,john718@example.com,555-718
John,Doe,john719@example.com,555-719
John,Doe,john720@example.com,555-720
John,Doe,john721@example.com,555-721
John,Doe,john722@example.com,555-722
John,Doe,john723@example.com,555-723
John,Doe,john724@example.com,555-724
John,Doe,john725@example.com,555-725
John,Doe,john726@example.com,555-726
John,Doe,john727@example.com,555-727
John,Doe,john728@example.com,555-728
John,Doe,john729@example.com,555-729
John,Doe,john730@example.com,555-730
John,Doe,john731@example.com,555-731
John,Doe,john732@example.com,555-732
John,Doe,john733@example.com,555-733
John,Doe,john734@example.com,555-734
John,Doe,john735@example.com,555-735
John,Doe,john736@example.com,555-736
John,Doe,john737@example.com,555-737
John,Doe,john738@example.com,555-738
John,Doe,john739@example.com,555-739
John,Doe,john740@example.com,555-740
John,Doe,john741@example.com,555-741
John,Doe,john742@example.com,555-742
John,Doe,john743@example.com,555-743
John,Doe,john744@example.com,555-744
John,Doe,john745@example.com,555-745
John,Doe,john746@example.com,555-746
John,Doe,john747@example.com,555-747
John,Doe,john748@example.com,555-748
John,Doe,john749@example.com,555-749
John,Doe,john750@example.com,555-750
John,Doe,john751@example.com,555-751
John,Doe,john752@example.com,555-752
John,Doe,john753@example.com,555-753
John,Doe,john754@example.com,555-754
John,Doe,john755@example.com,555-755
John,Doe,john756@example.com,555-756
John,Doe,john757@example.com,555-757
John,Doe,john758@example.com,555-758
John,Doe,john759@example.com,555-759
John,Doe,john760@example.com,555-760
John,Doe,john761@example.com,555-761
John,Doe,john762@example.com,555-762
John,Doe,john763@example.com,555-763
John,Doe,john764@example.com,555-764
John,Doe,john765@example.com,555-765
John,Doe,john766@example.com,555-766
John,Doe,john767@example.com,555-767
John,Doe,john768@example.com,555-768
John,Doe,john769@example.com,555-769
John,Doe,john770@example.com,555-770
John,Doe,john771@example.com,555-771
John,Doe,john772@example.com,555-772
John,Doe,john773@example.com,555-773
John,Doe,john774@example.com,555-774
John,Doe,john775@example.com,555-775
John,Doe,john776@example.com,555-776
John,Doe,john777@example.com,555-777
John,Doe,john778@example.com,555-778
John,Doe,john779@example.com,555-779
John,Doe,john780@example.com,555-780
John,Doe,john781@example.com,555-781
John,Doe,john782@example.com,555-782
John,Doe,john783@example.com,555-783
John,Doe,john784@example.com,555-784
John,Doe,john785@example.com,555-785
John,Doe,john786@example.com,555-786
John,Doe,john787@example.com,555-787
John,Doe,john788@example.com,555-788
John,Doe,john789@example.com,555-789
John,Doe,john790@example.com,555-790
John,Doe,john791@example.com,555-791
John,Doe,john792@example.com,555-792
John,Doe,john793@example.com,555-793
John,Doe,john794@example.com,555-794
John,Doe,john795@example.com,555-795
John,Doe,john796@example.com,555-796
John,Doe,john797@example.com,555-797
John,Doe,john798@example.com,555-798
John,Doe,john799@example.com,555-799
John,Doe,john800@example.com,555-800
John,Doe,john801@example.com,555-801
John,Doe,john802@example.com,555-802
John,Doe,john803@example.com,555-803
John,Doe,john804@example.com,555-804
John,Doe,john805@example.com,555-805
John,Doe,john806@example.com,555-806
John,Doe,john807@example.com,555-807
John,Doe,john808@example.com,555-808
John,Doe,john809@example.com,555-809
John,Doe,john810@example.com,555-810
John,Doe,john811@example.com,555-811
John,Doe,john812@example.com,555-812
John,Doe,john813@example.com,555-813
John,Doe,john814@example.com,555-814
John,Doe,john815@example.com,555-815
John,Doe,john816@example.com,555-816
John,Doe,john817@example.com,555-817
John,Doe,john818@example.com,555-818
John,Doe,john819@example.com,555-819
John,Doe,john820@example.com,555-820
John,Doe,john821@example.com,555-821
John,Doe,john822@example.com,555-822
John,Doe,john823@example.com,555-823
John,Doe,john824@example.com,555-824
John,Doe,john825@example.com,555-825
John,Doe,john826@example.com,555-826
John,Doe,john827@example.com,555-827
John,Doe,john828@example.com,555-828
John,Doe,john829@example.com,555-829
John,Doe,john830@example.com,555-830
John,Doe,john831@example.com,555-831
John,Doe,john832@example.com,555-832
John,Doe,john833@example.com,555-833
John,Doe,john834@example.com,555-834
John,Doe,john835@example.com,555-835
John,Doe,john836@example.com,555-836
John,Doe,john837@example.com,555-837
John,Doe,john838@example.com,555-838
John,Doe,john839@example.com,555-839
John,Doe,john840@example.com,555-840
John,Doe,john841@example.com,555-841
John,Doe,john842@example.com,555-842
John,Doe,john843@example.com,555-843
John,Doe,john844@example.com,555-844
John,Doe,john845@example.com,555-845
John,Doe,john846@example.com,555-846
John,Doe,john847@example.com,555-847
John,Doe,john848@example.com,555-848
John,Doe,john849@example.com,555-849
John,Doe,john850@example.com,555-850
John,Doe,john851@example.com,555-851
John,Doe,john852@example.com,555-852
John,Doe,john853@example.com,555-853
John,Doe,john854@example.com,555-854
John,Doe,john855@example.com,555-855
John,Doe,john856@example.com,555-856
John,Doe,john857@example.com,555-857
John,Doe,john858@example.com,555-858
John,Doe,john859@example.com,555-859
John,Doe,john860@example.com,555-860
John,Doe,john861@example.com,555-861
John,Doe,john862@example.com,555-862
John,Doe,john863@example.com,555-863
John,Doe,john864@example.com,555-864
John,Doe,john865@example.com,555-865
John,Doe,john866@example.com,555-866
John,Doe,john867@example.com,555-867
John,Doe,john868@example.com,555-868
John,Doe,john869@example.com,555-869
John,Doe,john870@example.com,555-870
John,Doe,john871@example.com,555-871
John,Doe,john872@example.com,555-872
John,Doe,john873@example.com,555-873
John,Doe,john874@example.com,555-874
John,Doe,john875@example.com,555-875
John,Doe,john876@example.com,555-876
John,Doe,john877@example.com,555-877
John,Doe,john878@example.com,555-878
John,Doe,john879@example.com,555-879
John,Doe,john880@example.com,555-880
John,Doe,john881@example.com,555-881
John,Doe,john882@example.com,555-882
John,Doe,john883@example.com,555-883
John,Doe,john884@example.com,555-884
John,Doe,john885@example.com,555-885
John,Doe,john886@example.com,555-886
John,Doe,john887@example.com,555-887
John,Doe,john888@example.com,555-888
John,Doe,john889@example.com,555-889
John,Doe,john890@example.com,555-890
John,Doe,john891@example.com,555-891
John,Doe,john892@example.com,555-892
John,Doe,john893@example.com,555-893
John,Doe,john894@example.com,555-894
John,Doe,john895@example.com,555-895
John,Doe,john896@example.com,555-896
John,Doe,john897@example.com,555-897
John,Doe,john898@example.com,555-898
John,Doe,john899@example.com,555-899
John,Doe,john900@example.com,555-900
John,Doe,john901@example.com,555-901
John,Doe,john902@example.com,555-902
John,Doe,john903@example.com,555-903
John,Doe,john904@example.com,555-904
John,Doe,john905@example.com,555-905
John,Doe,john906@example.com,555-906
John,Doe,john907@example.com,555-907
John,Doe,john908@example.com,555-908
John,Doe,john909@example.com,555-909
John,Doe,john910@example.com,555-910
John,Doe,john911@example.com,555-911
John,Doe,john912@example.com,555-912
John,Doe,john913@example.com,555-913
John,Doe,john914@example.com,555-914
John,Doe,john915@example.com,555-915
John,Doe,john916@example.com,555-916
John,Doe,john917@example.com,555-917
John,Doe,john918@example.com,555-918
John,Doe,john919@example.com,555-919
John,Doe,john920@example.com,555-920
John,Doe,john921@example.com,555-921
John,Doe,john922@example.com,555-922
John,Doe,john923@example.com,555-923
John,Doe,john924@example.com,555-924
John,Doe,john925@example.com,555-925
John,Doe,john926@example.com,555-926
John,Doe,john927@example.com,555-927
John,Doe,john928@example.com,555-928
John,Doe,john929@example.com,555-929
John,Doe,john930@example.com,555-930
John,Doe,john931@example.com,555-931
John,Doe,john932@example.com,555-932
John,Doe,john933@example.com,555-933
John,Doe,john934@example.com,555-934
John,Doe,john935@example.com,555-935
John,Doe,john936@example.com,555-936
John,Doe,john937@example.com,555-937
John,Doe,john938@example.com,555-938
John,Doe,john939@example.com,555-939
John,Doe,john940@example.com,555-940
John,Doe,john941@example.com,555-941
John,Doe,john942@example.com,555-942
John,Doe,john943@example.com,555-943
John,Doe,john944@example.com,555-944
John,Doe,john945@example.com,555-945
John,Doe,john946@example.com,555-946
John,Doe,john947@example.com,555-947
John,Doe,john948@example.com,555-948
John,Doe,john949@example.com,555-949
John,Doe,john950@example.com,555-950
John,Doe,john951@example.com,555-951
John,Doe,john952@example.com,555-952
John,Doe,john953@example.com,555-953
John,Doe,john954@example.com,555-954
John,Doe,john955@example.com,555-955
John,Doe,john956@example.com,555-956
John,Doe,john957@example.com,555-957
John,Doe,john958@example.com,555-958
John,Doe,john959@example.com,555-959
John,Doe,john960@example.com,555-960
John,Doe,john961@example.com,555-961
John,Doe,john962@example.com,555-962
John,Doe,john963@example.com,555-963
John,Doe,john964@example.com,555-964
John,Doe,john965@example.com,555-965
John,Doe,john966@example.com,555-966
John,Doe,john967@example.com,555-967
John,Doe,john968@example.com,555-968
John,Doe,john969@example.com,555-969
John,Doe,john970@example.com,555-970
John,Doe,john971@example.com,555-971
John,Doe,john972@example.com,555-972
John,Doe,john973@example.com,555-973
John,Doe,john974@example.com,555-974
John,Doe,john975@example.com,555-975
John,Doe,john976@example.com,555-976
John,Doe,john977@example.com,555-977
John,Doe,john978@example.com,555-978
John,Doe,john979@example.com,555-979
John,Doe,john980@example.com,555-980
John,Doe,john981@example.com,555-981
John,Doe,john982@example.com,555-982
John,Doe,john983@example.com,555-983
John,Doe,john984@example.com,555-984
John,Doe,john985@example.com,555-985
John,Doe,john986@example.com,555-986
John,Doe,john987@example.com,555-987
John,Doe,john988@example.com,555-988
John,Doe,john989@example.com,555-989
John,Doe,john990@example.com,555-990
John,Doe,john991@example.com,555-991
John,Doe,john992@example.com,555-992
John,Doe,john993@example.com,555-993
John,Doe,john994@example.com,555-994
John,Doe,john995@example.com,555-995
John,Doe,john996@example.com,555-996
John,Doe,john997@example.com,555-997
John,Doe,john998@example.com,555-998
John,Doe,john999@example.com,555-999